"","Test","estimate","estimate1","estimate2","statistic","p.value","parameter","conf.low","conf.high","method","alternative"
"1","Marijuana Month",0.55739130251942,2.99041566121742,2.433024358698,7.47217755305489,8.01161009509739e-14,51801.3504909897,0.411183266494673,0.703599338544167,"Welch Two Sample t-test","two.sided"
"2","Alcohol Month",-0.152242125120621,1.5779152363797,1.73015736150032,-3.58887914439794,0.000332426316910299,49037.2920814338,-0.235386871805631,-0.0690973784356097,"Welch Two Sample t-test","two.sided"
"3","Tabaco Month",-0.103231583599303,0.885429765829453,0.988661349428756,-2.84150776151283,0.0044919880606001,47475.9417883331,-0.174438619192468,-0.0320245480061384,"Welch Two Sample t-test","two.sided"
"4","Suicide Consideration",-0.0142040000689558,0.152771641233049,0.166975641302005,-4.40528078440941,1.05870929024778e-05,48941.9498733231,-0.0205236919193924,-0.00788430821851907,"Welch Two Sample t-test","two.sided"
"5","Suicide Plan",-0.0142375738788111,0.130578119158481,0.144815693037293,-4.69447890104896,2.68013003400888e-06,48756.6490221468,-0.0201819662956849,-0.00829318146193718,"Welch Two Sample t-test","two.sided"
"6","Suicide Attempt",0.0104303451619313,0.150460524079802,0.14003017891787,1.89452249417886,0.0581612782024033,51591.485708601,-0.000360543066634297,0.0212212333904969,"Welch Two Sample t-test","two.sided"
"7","Suicide Injury",-0.00303843198981412,0.0235190157359889,0.026557447725803,-2.2071156147265,0.0273106624133299,48358.6655496297,-0.00573668951925238,-0.000340174460375862,"Welch Two Sample t-test","two.sided"
