"","Test","estimate","estimate1","estimate2","statistic","p.value","parameter","conf.low","conf.high","method","alternative"
"1","Marijuana Month",0.664909441881255,3.25103562551781,2.58612618363656,4.7609311329485,1.94545722847035e-06,14643.0962564731,0.391159150010613,0.938659733751898,"Welch Two Sample t-test","two.sided"
"2","Alcohol Month",-0.379196768010981,1.47887323943662,1.8580700074476,-5.02361088430376,5.12489897660567e-07,16186.2359925908,-0.527151616629469,-0.231241919392493,"Welch Two Sample t-test","two.sided"
"3","Tabaco Month",-0.177578957658507,1.00414250207125,1.18172145972976,-2.56013828262474,0.0104719226194703,16413.9559898184,-0.313538030933228,-0.0416198843837864,"Welch Two Sample t-test","two.sided"
"4","Suicide Consideration",-0.00991820508677568,0.155205744269539,0.165123949356314,-1.73241603259825,0.0832190827367993,15757.3217222503,-0.0211400003704354,0.00130359019688407,"Welch Two Sample t-test","two.sided"
"5","Suicide Plan",0.000372908926745991,0.14070698702016,0.140334078093414,0.0686178863413883,0.945294662556383,15565.7887701946,-0.0102794871415669,0.0110253049950589,"Welch Two Sample t-test","two.sided"
"6","Suicide Attempt",0.0108853177897171,0.153134493233913,0.142249175444196,1.07106804356782,0.28415587724033,15168.5446592176,-0.00903548321775982,0.030806118797194,"Welch Two Sample t-test","two.sided"
"7","Suicide Injury",-0.000625275847269267,0.024164595415631,0.0247898712629003,-0.258986345616759,0.795649178319544,15666.7871746925,-0.00535762119483338,0.00410706950029485,"Welch Two Sample t-test","two.sided"
