"","Test","estimate","estimate1","estimate2","statistic","p.value","parameter","conf.low","conf.high","method","alternative"
"1","Marijuana Month",0.49475244285958,3.14281460527785,2.64806216241827,5.01163235161365,5.44079101544905e-07,21041.4574564708,0.30125206531332,0.68825282040584,"Welch Two Sample t-test","two.sided"
"2","Alcohol Month",0.0519221047135925,1.33677001526036,1.28484791054676,1.09407170011333,0.273936705655296,20005.7488561334,-0.0410988668477809,0.144943076274966,"Welch Two Sample t-test","two.sided"
"3","Tabaco Month",0.0618798354026044,0.462239922581606,0.400360087179001,2.04249848499404,0.0411150115500948,20283.5577080353,0.00249693389557185,0.121262736909637,"Welch Two Sample t-test","two.sided"
"4","Suicide Consideration",-0.0161118649495424,0.184873636803514,0.200985501753056,-3.53037659266808,0.000415962755679294,18762.507007669,-0.0250572880390217,-0.00716644186006312,"Welch Two Sample t-test","two.sided"
"5","Suicide Plan",-0.0165441969850038,0.142367960695277,0.15891215768028,-3.98783197330103,6.69355400683412e-05,18544.7522085047,-0.0246759705787723,-0.00841242339123526,"Welch Two Sample t-test","two.sided"
"6","Suicide Attempt",-0.000985195609860018,0.13414225629955,0.13512745190941,-0.149979542211863,0.880782323876834,19287.3248366469,-0.0138607456185312,0.0118903543988112,"Welch Two Sample t-test","two.sided"
"7","Suicide Injury",-0.00281614706859548,0.0212528380541184,0.0240689851227139,-1.62581042116958,0.104007210575474,18299.2235631989,-0.00621132270568806,0.000579028568497086,"Welch Two Sample t-test","two.sided"
