"","Test","estimate","estimate1","estimate2","statistic","p.value","parameter","conf.low","conf.high","method","alternative"
"1","Marijuana Month",-0.0352255104251382,2.17433864072858,2.20956415115372,-0.339058469195438,0.73456951760088,18571.225790662,-0.238863637785913,0.168412616935637,"Welch Two Sample t-test","two.sided"
"2","Alcohol Month",-0.173400601050086,1.02379034756211,1.19719094861219,-3.28539738515697,0.00102040568941279,17350.3032254425,-0.276853122448048,-0.0699480796521242,"Welch Two Sample t-test","two.sided"
"3","Tabaco Month",-0.0432079394859609,0.248063936559073,0.291271876045034,-1.57107810953077,0.116182536912939,17547.0740434698,-0.0971147736560584,0.0106988946841366,"Welch Two Sample t-test","two.sided"
"4","Suicide Consideration",-0.015315504472206,0.189455424075336,0.204770928547542,-2.91166120613341,0.00359951699923528,18076.6699461838,-0.0256257174710481,-0.00500529147336382,"Welch Two Sample t-test","two.sided"
"5","Suicide Plan",-0.0187736733230912,0.153893810792392,0.172667484115483,-3.83269873450954,0.000127180479630409,17818.5705124048,-0.0283747992438347,-0.00917254740234763,"Welch Two Sample t-test","two.sided"
"6","Suicide Attempt",0.00179740581880733,0.15061024719658,0.148812841377773,0.226525718825075,0.82079493626861,19470.7107836639,-0.0137552197035278,0.0173500313411424,"Welch Two Sample t-test","two.sided"
"7","Suicide Injury",-0.0040288834923145,0.0209404621770646,0.0249693456693791,-2.01838084239515,0.043567074243219,17233.104797421,-0.00794143608025374,-0.00011633090437525,"Welch Two Sample t-test","two.sided"
