"","Test","estimate","estimate1","estimate2","statistic","p.value","parameter","conf.low","conf.high","method","alternative"
"1","Marijuana Month",0.283818206655863,2.93188036907413,2.64806216241827,2.97367768864858,0.00294621673388349,19088.3555660205,0.0967405216696549,0.470895891642072,"Welch Two Sample t-test","two.sided"
"2","Alcohol Month",0.0421008645089151,1.32694877505568,1.28484791054676,0.907789008103619,0.364001391792088,18721.1146103279,-0.0488029827789334,0.133004711796764,"Welch Two Sample t-test","two.sided"
"3","Tabaco Month",0.0409380356335982,0.441298122812599,0.400360087179001,1.39141506632036,0.164116232448977,18607.6984415344,-0.0167315245519391,0.0986075958191355,"Welch Two Sample t-test","two.sided"
"4","Suicide Consideration",-0.0201073598504152,0.180878141902641,0.200985501753056,-4.5036806022782,6.72172633858488e-06,17536.61389477,-0.0288585180309828,-0.0113562016698476,"Welch Two Sample t-test","two.sided"
"5","Suicide Plan",-0.0206048080143562,0.138307349665924,0.15891215768028,-5.07891411819369,3.8354479804198e-07,17295.1111025945,-0.0285568046645143,-0.0126528113641981,"Welch Two Sample t-test","two.sided"
"6","Suicide Attempt",-0.00410613469655569,0.131021317212854,0.13512745190941,-0.639080347813331,0.522778772449478,18051.9580920211,-0.0166998809846551,0.00848761159154368,"Welch Two Sample t-test","two.sided"
"7","Suicide Injury",-0.00367445760123762,0.0203945275214763,0.0240689851227139,-2.17208384097504,0.0298631353143018,16974.1197908684,-0.00699031401368199,-0.000358601188793259,"Welch Two Sample t-test","two.sided"
