"","Test","estimate","estimate1","estimate2","statistic","p.value","parameter","conf.low","conf.high","method","alternative"
"1","Age",-0.0901865463222808,15.8534971311908,15.9436836775131,-10.2990758872558,7.77154696000723e-25,32351.1567246138,-0.107350124698681,-0.0730229679458803,"Welch Two Sample t-test","two.sided"
"2","Is Female",0.00512787649462587,0.527209687070999,0.522081810576373,1.41245023452403,0.157827031551891,32424.9208702742,-0.0019880049575504,0.0122437579468021,"Welch Two Sample t-test","two.sided"
"3","Marijuana Month",0.398743697114964,2.74888239642367,2.35013869930871,6.86744997791105,6.64649001876438e-12,34522.8821797096,0.284938618242682,0.512548775987245,"Welch Two Sample t-test","two.sided"
"4","Alcohol Month",0.101917408536306,1.20702066246612,1.10510325392981,4.3067399140823,1.66129239170972e-05,34972.5751483141,0.0555339798537342,0.148300837218878,"Welch Two Sample t-test","two.sided"
"5","Tabaco Month",0.203885004472875,1.02269527262487,0.818810268151997,6.59538041985727,4.30095483196523e-11,35602.7289950343,0.143293980759534,0.264476028186217,"Welch Two Sample t-test","two.sided"
"6","Suicide Consideration",-0.0159220958100259,0.160908514907248,0.176830610717274,-5.77640902461494,7.7024442373893e-09,31692.3865173409,-0.0213247475396656,-0.0105194440803862,"Welch Two Sample t-test","two.sided"
"7","Suicide Plan",-0.0179699213758809,0.130548417754937,0.148518339130818,-7.01214251097798,2.39440352714467e-12,31386.1944673476,-0.0229928878834098,-0.0129469548683519,"Welch Two Sample t-test","two.sided"
"8","Suicide Attempt",0.00477084589503676,0.138846844309902,0.134075998414865,1.13345928616977,0.257029356638295,34278.3515960816,-0.00347913399157104,0.0130208257816446,"Welch Two Sample t-test","two.sided"
"9","Suicide Injury",-0.00410154235746604,0.0216128691611813,0.0257144115186474,-3.61223839340022,0.000304047202385552,30842.2664955333,-0.00632708505802019,-0.00187599965691188,"Welch Two Sample t-test","two.sided"
